﻿<parameters>
  <parameter name="IIS Web Application Name" defaultValue="ligabasquetbolpresa" tags="IisApp">
    <parameterEntry kind="ProviderPath" scope="IisApp" match="^C:\\Users\\User-Pc\\Documents\\GitHub\\Liga\ Baloncesto\ Presa\\LBP\.Web\\obj\\Release\\Package\\PackageTmp$" />
    <parameterEntry kind="ProviderPath" scope="setAcl" match="^C:\\Users\\User-Pc\\Documents\\GitHub\\Liga\ Baloncesto\ Presa\\LBP\.Web\\obj\\Release\\Package\\PackageTmp$" />
  </parameter>
  <parameter name="DefaultConnection-Web.config Connection String" defaultValue="Data Source=moranh.database.windows.net;Initial Catalog=LBP1;User ID=moranh;Password=H3ct0rM25Fh">
    <parameterEntry kind="XmlFile" scope="C:\\Users\\User-Pc\\Documents\\GitHub\\Liga\ Baloncesto\ Presa\\LBP\.Web\\obj\\Release\\Package\\PackageTmp\\Web\.config$" match="/configuration/connectionStrings/add[@name='DefaultConnection']/@connectionString" />
  </parameter>
  <parameter name="LBPEntities-Web.config Connection String" defaultValue="metadata=res://*/Models.Model.csdl|res://*/Models.Model.ssdl|res://*/Models.Model.msl;provider=System.Data.SqlClient;provider connection string=&quot;Data Source=moranh.database.windows.net;Initial Catalog=LBP1;User ID=moranh;Password=H3ct0rM25Fh&quot;">
    <parameterEntry kind="XmlFile" scope="C:\\Users\\User-Pc\\Documents\\GitHub\\Liga\ Baloncesto\ Presa\\LBP\.Web\\obj\\Release\\Package\\PackageTmp\\Web\.config$" match="/configuration/connectionStrings/add[@name='LBPEntities']/@connectionString" />
  </parameter>
</parameters>